-- DatAdmin Native MySQL Dump

/*!40101 SET NAMES utf8 */;
/*!40101 SET @OLD_SQL_MODE=@@SQL_MODE, SQL_MODE='NO_AUTO_VALUE_ON_ZERO' */;

CREATE TABLE `forma_studia` ( 
    `ID_forma` int AUTO_INCREMENT NOT NULL, 
    `Forma_nazev` varchar(50) NOT NULL,  
    PRIMARY KEY (`ID_forma`)
) ENGINE=InnoDB  AUTO_INCREMENT=3  COLLATE=utf8_general_ci ;
CREATE UNIQUE INDEX `UQ_Forma_studia_Forma_nazev` ON `forma_studia` (`Forma_nazev`);
CREATE UNIQUE INDEX `UQ_Forma_studia_ID_forma` ON `forma_studia` (`ID_forma`);
CREATE TABLE `klicove_slovo` ( 
    `ID_klicove_slovo` int AUTO_INCREMENT NOT NULL, 
    `Slovo` varchar(100) NOT NULL, 
    `ID_oblast` int NOT NULL, 
    `Vyznam` text NOT NULL,  
    PRIMARY KEY (`ID_klicove_slovo`)
) ENGINE=InnoDB  AUTO_INCREMENT=182  COLLATE=utf8_general_ci ;
CREATE UNIQUE INDEX `UQ_Klicove_slovo_ID_klicove_slovo` ON `klicove_slovo` (`ID_klicove_slovo`);
CREATE UNIQUE INDEX `UQ_Klicove_slovo_Slovo` ON `klicove_slovo` (`Slovo`);
CREATE INDEX `ID_oblast` ON `klicove_slovo` (`ID_oblast`);
CREATE TABLE `oblast` ( 
    `ID_oblast` int AUTO_INCREMENT NOT NULL, 
    `Oblast_nazev` varchar(100) NOT NULL,  
    PRIMARY KEY (`ID_oblast`)
) ENGINE=InnoDB  AUTO_INCREMENT=22  COLLATE=utf8_general_ci ;
CREATE UNIQUE INDEX `UQ_Oblast_ID_oblast` ON `oblast` (`ID_oblast`);
CREATE UNIQUE INDEX `UQ_Oblast_Oblast_nazev` ON `oblast` (`Oblast_nazev`);
CREATE TABLE `obor` ( 
    `ID_obor` int AUTO_INCREMENT NOT NULL, 
    `Obor_nazev` varchar(255) NOT NULL, 
    `Url` varchar(255) NOT NULL, 
    `Popis` text NULL, 
    `ID_typ` int NOT NULL, 
    `ID_forma` int NOT NULL,  
    PRIMARY KEY (`ID_obor`)
) ENGINE=InnoDB  AUTO_INCREMENT=32  COLLATE=utf8_general_ci ;
CREATE UNIQUE INDEX `UQ_Obor_ID_obor` ON `obor` (`ID_obor`);
CREATE UNIQUE INDEX `UQ_id_typ_id_forma` ON `obor` (`ID_typ`,`ID_forma`,`Obor_nazev`);
CREATE INDEX `ID_forma` ON `obor` (`ID_forma`);
CREATE INDEX `ID_typ` ON `obor` (`ID_typ`);
CREATE TABLE `obor_slovo` ( 
    `ID_obor` int NOT NULL, 
    `ID_klicove_slovo` int NOT NULL, 
    `ID_priorita` int NOT NULL,  
    PRIMARY KEY (`ID_obor`, `ID_klicove_slovo`)
) ENGINE=InnoDB  COLLATE=utf8_general_ci ;
CREATE UNIQUE INDEX `UQ_OborSlovo_ID_obor_ID_slovo` ON `obor_slovo` (`ID_obor`,`ID_klicove_slovo`);
CREATE INDEX `ID_klicove_slovo` ON `obor_slovo` (`ID_klicove_slovo`);
CREATE INDEX `ID_obor` ON `obor_slovo` (`ID_obor`);
CREATE INDEX `ID_priorita` ON `obor_slovo` (`ID_priorita`);
CREATE TABLE `posledni_akce` ( 
    `typ` varchar(50) NOT NULL COLLATE utf8_czech_ci, 
    `clanek` varchar(50) NOT NULL COLLATE utf8_czech_ci, 
    `id_clanku` varchar(50) NOT NULL COLLATE utf8_czech_ci, 
    `datum` datetime NOT NULL
) ENGINE=InnoDB  COLLATE=utf8_czech_ci ;
CREATE TABLE `priorita` ( 
    `ID_priorita` int AUTO_INCREMENT NOT NULL, 
    `Hodnota` float NOT NULL, 
    `Poznamka` varchar(200) NOT NULL,  
    PRIMARY KEY (`ID_priorita`)
) ENGINE=InnoDB  AUTO_INCREMENT=4  COLLATE=utf8_general_ci ;
CREATE UNIQUE INDEX `UQ_Priorita_Hodnota` ON `priorita` (`Hodnota`);
CREATE UNIQUE INDEX `UQ_Priorita_ID_priorita` ON `priorita` (`ID_priorita`);
CREATE TABLE `typ_studia` ( 
    `ID_typ` int AUTO_INCREMENT NOT NULL, 
    `Typ_nazev` varchar(50) NOT NULL,  
    PRIMARY KEY (`ID_typ`)
) ENGINE=InnoDB  AUTO_INCREMENT=4  COLLATE=utf8_general_ci ;
CREATE UNIQUE INDEX `UQ_Typ_studia_Typ_nazev` ON `typ_studia` (`Typ_nazev`);
CREATE UNIQUE INDEX `UQ_Typ_studia_ID_typ` ON `typ_studia` (`ID_typ`);
CREATE TABLE `uzivatele` ( 
    `id` int AUTO_INCREMENT NOT NULL, 
    `prezdivka` varchar(20) NOT NULL COLLATE utf8_czech_ci, 
    `heslo` varchar(50) NOT NULL COLLATE utf8_czech_ci,  
    PRIMARY KEY (`id`)
) ENGINE=InnoDB  AUTO_INCREMENT=2  COLLATE=utf8_czech_ci ;
INSERT INTO `priorita` (`ID_priorita`, `Hodnota`, `Poznamka`) VALUES
(1, 0.5, '1 - nejnižší'),
(2, 0.75, '2'),
(3, 1, '3 - nejvyšší');
INSERT INTO `posledni_akce` (`typ`, `clanek`, `id_clanku`, `datum`) VALUES
('Edited', 'Heslo', '-', '2015-05-02T17:29:14.000000'),
('Added', 'Klíčové slovo', '190', '2015-05-02T17:46:37.000000'),
('Added', 'Klíčové slovo', '191', '2015-05-02T17:48:54.000000'),
('Added', 'Klíčové slovo', '192', '2015-05-02T18:09:34.000000'),
('Added', 'Klíčové slovo', '193', '2015-05-02T18:10:17.000000'),
('Added', 'Klíčové slovo', '194', '2015-05-02T19:06:15.000000'),
('Deleted', 'Klíčové slovo', '194', '2015-05-02T19:06:23.000000'),
('Added', 'Klíčové slovo', '195', '2015-05-04T00:35:31.000000'),
('Deleted', 'Klíčové slovo', '195', '2015-05-04T00:36:16.000000'),
('Added', 'Klíčové slovo', '196', '2015-05-04T00:36:24.000000'),
('Added', 'Klíčové slovo', '197', '2015-05-04T00:36:31.000000'),
('Deleted', 'Klíčové slovo', '197', '2015-05-04T00:37:03.000000'),
('Deleted', 'Klíčové slovo', '196', '2015-05-04T00:37:03.000000'),
('Added', 'Klíčové slovo', '198', '2015-05-04T00:37:14.000000'),
('Edited', 'Klíčové slovo', '198', '2015-05-04T00:59:44.000000'),
('Edited', 'Klíčové slovo', '198', '2015-05-04T00:59:54.000000'),
('Edited', 'Klíčové slovo', '198', '2015-05-04T01:00:11.000000'),
('Edited', 'Klíčové slovo', '198', '2015-05-04T01:00:11.000000'),
('Edited', 'Klíčové slovo', '198', '2015-05-04T01:26:36.000000'),
('Edited', 'Klíčové slovo', '198', '2015-05-04T01:29:12.000000'),
('Edited', 'Klíčové slovo', '198', '2015-05-04T01:29:26.000000'),
('Edited', 'Klíčové slovo', '198', '2015-05-04T01:31:27.000000'),
('Edited', 'Klíčové slovo', '198', '2015-05-04T01:34:49.000000'),
('Deleted', 'Klíčové slovo', '191', '2015-05-04T10:20:25.000000'),
('Deleted', 'Klíčové slovo', '192', '2015-05-04T10:20:25.000000'),
('Deleted', 'Klíčové slovo', '193', '2015-05-04T10:20:25.000000'),
('Deleted', 'Klíčové slovo', '198', '2015-05-04T10:20:25.000000'),
('Edited', 'Klíčové slovo', '101', '2015-05-04T10:27:01.000000'),
('Edited', 'Klíčové slovo', '99', '2015-05-04T10:27:02.000000'),
('Edited', 'Klíčové slovo', '109', '2015-05-04T10:27:02.000000'),
('Added', 'Klíčové slovo', '199', '2015-05-04T10:27:21.000000'),
('Added', 'Klíčové slovo', '200', '2015-05-04T10:27:24.000000'),
('Deleted', 'Klíčové slovo', '200', '2015-05-04T10:27:32.000000'),
('Deleted', 'Klíčové slovo', '199', '2015-05-04T10:27:32.000000'),
('Added', 'Klíčové slovo', '201', '2015-05-04T11:14:32.000000'),
('Added', 'Klíčové slovo', '202', '2015-05-04T11:14:50.000000'),
('Deleted', 'Klíčové slovo', '201', '2015-05-04T11:15:20.000000'),
('Deleted', 'Klíčové slovo', '202', '2015-05-04T11:15:20.000000'),
('Added', 'Studijní obor', '59', '2015-05-04T12:20:24.000000'),
('Deleted', 'Studijní obor', '59', '2015-05-04T12:21:39.000000'),
('Added', 'Oblast studia', '27', '2015-05-04T12:22:06.000000'),
('Added', 'Klíčové slovo', '203', '2015-05-04T12:22:14.000000'),
('Deleted', 'Oblast studia', '27', '2015-05-04T12:22:37.000000'),
('Added', 'Klíčové slovo', '204', '2015-05-05T14:04:47.000000'),
('Edited', 'Klíčové slovo', '204', '2015-05-05T14:04:57.000000'),
('Edited', 'Studijní obor', '9', '2015-05-05T14:07:39.000000'),
('Deleted', 'Klíčové slovo', '204', '2015-05-05T14:08:14.000000'),
('Added', 'Studijní obor', '60', '2015-05-05T14:09:52.000000'),
('Edited', 'Studijní obor', '60', '2015-05-05T14:10:04.000000'),
('Edited', 'Studijní obor', '60', '2015-05-05T14:10:23.000000'),
('Edited', 'Studijní obor', '60', '2015-05-05T14:11:46.000000'),
('Edited', 'Studijní obor', '60', '2015-05-05T14:11:58.000000'),
('Edited', 'Studijní obor', '60', '2015-05-05T14:12:07.000000'),
('Deleted', 'Studijní obor', '60', '2015-05-05T14:12:26.000000'),
('Edited', 'Klíčové slovo', '101', '2015-05-05T14:18:33.000000'),
('Edited', 'Studijní obor', '25', '2015-05-05T14:23:05.000000'),
('Edited', 'Studijní obor', '25', '2015-05-05T14:23:26.000000'),
('Edited', 'Studijní obor', '9', '2015-05-05T14:26:09.000000'),
('Edited', 'Studijní obor', '9', '2015-05-05T14:26:21.000000'),
('Edited', 'Klíčové slovo', '61', '2015-05-05T19:03:48.000000'),
('Edited', 'Klíčové slovo', '60', '2015-05-05T19:03:48.000000'),
('Edited', 'Klíčové slovo', '64', '2015-05-05T19:03:48.000000'),
('Added', 'Klíčové slovo', '205', '2015-05-06T09:14:50.000000'),
('Edited', 'Klíčové slovo', '205', '2015-05-06T09:17:58.000000');
INSERT INTO `posledni_akce` (`typ`, `clanek`, `id_clanku`, `datum`) VALUES
('Deleted', 'Klíčové slovo', '205', '2015-05-06T09:18:39.000000'),
('Added', 'Klíčové slovo', '206', '2015-05-06T09:18:48.000000'),
('Edited', 'Klíčové slovo', '206', '2015-05-06T09:20:19.000000'),
('Deleted', 'Klíčové slovo', '206', '2015-05-06T09:20:20.000000'),
('Added', 'Klíčové slovo', '207', '2015-05-06T09:20:54.000000'),
('Edited', 'Klíčové slovo', '207', '2015-05-06T09:21:22.000000'),
('Deleted', 'Klíčové slovo', '207', '2015-05-06T09:21:23.000000'),
('Added', 'Oblast studia', '28', '2015-05-06T09:24:45.000000'),
('Edited', 'Oblast studia', '28', '2015-05-06T09:25:04.000000'),
('Deleted', 'Oblast studia', '28', '2015-05-06T09:25:19.000000'),
('Added', 'Oblast studia', '29', '2015-05-06T09:26:36.000000'),
('Edited', 'Oblast studia', '29', '2015-05-06T09:27:00.000000'),
('Added', 'Oblast studia', '30', '2015-05-06T09:27:58.000000'),
('Edited', 'Oblast studia', '29', '2015-05-06T09:28:00.000000'),
('Deleted', 'Oblast studia', '29', '2015-05-06T09:28:01.000000'),
('Added', 'Studijní obor', '61', '2015-05-06T09:29:15.000000'),
('Edited', 'Studijní obor', '61', '2015-05-06T09:29:38.000000'),
('Edited', 'Studijní obor', '61', '2015-05-06T09:29:46.000000'),
('Deleted', 'Studijní obor', '61', '2015-05-06T09:29:59.000000'),
('Added', 'Studijní obor', '62', '2015-05-06T09:30:41.000000'),
('Edited', 'Studijní obor', '62', '2015-05-06T09:30:42.000000'),
('Deleted', 'Studijní obor', '62', '2015-05-06T09:30:44.000000'),
('Edited', 'Heslo', '-', '2015-05-06T09:32:31.000000'),
('Edited', 'Heslo', '-', '2015-05-06T09:33:45.000000'),
('Edited', 'Heslo', '-', '2015-05-06T09:34:15.000000'),
('Edited', 'Heslo', '-', '2015-05-06T09:35:40.000000'),
('Edited', 'Heslo', '-', '2015-05-06T09:35:58.000000'),
('Edited', 'Heslo', '-', '2015-05-06T09:35:59.000000'),
('Added', 'Klíčové slovo', '208', '2015-05-06T09:40:54.000000'),
('Deleted', 'Klíčové slovo', '208', '2015-05-06T09:42:10.000000'),
('Deleted', 'Oblast studia', '30', '2015-05-06T09:43:26.000000'),
('Added', 'Studijní obor', '63', '2015-05-06T09:44:23.000000'),
('Deleted', 'Studijní obor', '63', '2015-05-06T09:45:09.000000'),
('Edited', 'Studijní obor', '9', '2015-05-06T13:53:15.000000'),
('Edited', 'Studijní obor', '25', '2015-05-06T13:53:25.000000'),
('Added', 'Klíčové slovo', '209', '2015-05-06T14:59:50.000000'),
('Edited', 'Klíčové slovo', '209', '2015-05-06T14:59:51.000000'),
('Deleted', 'Klíčové slovo', '209', '2015-05-06T14:59:52.000000'),
('Added', 'Oblast studia', '31', '2015-05-06T14:59:53.000000'),
('Added', 'Studijní obor', '64', '2015-05-06T14:59:54.000000'),
('Added', 'Klíčové slovo', '210', '2015-05-06T15:00:22.000000'),
('Edited', 'Klíčové slovo', '210', '2015-05-06T15:00:23.000000'),
('Deleted', 'Klíčové slovo', '210', '2015-05-06T15:00:25.000000'),
('Edited', 'Oblast studia', '31', '2015-05-06T15:00:26.000000'),
('Deleted', 'Oblast studia', '31', '2015-05-06T15:00:27.000000'),
('Edited', 'Studijní obor', '64', '2015-05-06T15:00:29.000000'),
('Deleted', 'Studijní obor', '64', '2015-05-06T15:00:30.000000'),
('Added', 'Studijní obor', '65', '2015-05-06T15:00:35.000000'),
('Edited', 'Studijní obor', '65', '2015-05-06T15:00:37.000000'),
('Deleted', 'Studijní obor', '65', '2015-05-06T15:00:38.000000'),
('Added', 'Klíčové slovo', '211', '2015-05-06T15:00:39.000000'),
('Added', 'Oblast studia', '32', '2015-05-06T15:00:41.000000'),
('Added', 'Studijní obor', '66', '2015-05-06T15:00:42.000000'),
('Edited', 'Klíčové slovo', '211', '2015-05-06T15:02:15.000000'),
('Deleted', 'Klíčové slovo', '211', '2015-05-06T15:02:16.000000'),
('Edited', 'Oblast studia', '32', '2015-05-06T15:02:19.000000'),
('Deleted', 'Oblast studia', '32', '2015-05-06T15:02:20.000000'),
('Edited', 'Studijní obor', '66', '2015-05-06T15:02:23.000000'),
('Deleted', 'Studijní obor', '66', '2015-05-06T15:02:25.000000'),
('Added', 'Klíčové slovo', '212', '2015-05-06T15:02:26.000000'),
('Added', 'Oblast studia', '33', '2015-05-06T15:02:28.000000'),
('Added', 'Studijní obor', '67', '2015-05-06T15:02:29.000000'),
('Deleted', 'Studijní obor', '67', '2015-05-06T15:03:53.000000'),
('Deleted', 'Klíčové slovo', '212', '2015-05-06T15:04:05.000000');
INSERT INTO `posledni_akce` (`typ`, `clanek`, `id_clanku`, `datum`) VALUES
('Deleted', 'Oblast studia', '33', '2015-05-06T15:04:14.000000'),
('Added', 'Klíčové slovo', '213', '2015-05-06T15:04:47.000000'),
('Edited', 'Klíčové slovo', '213', '2015-05-06T15:04:49.000000'),
('Deleted', 'Klíčové slovo', '213', '2015-05-06T15:04:50.000000'),
('Added', 'Oblast studia', '34', '2015-05-06T15:04:51.000000'),
('Edited', 'Oblast studia', '34', '2015-05-06T15:04:52.000000'),
('Deleted', 'Oblast studia', '34', '2015-05-06T15:04:53.000000'),
('Added', 'Studijní obor', '68', '2015-05-06T15:04:55.000000'),
('Edited', 'Studijní obor', '68', '2015-05-06T15:04:56.000000'),
('Deleted', 'Studijní obor', '68', '2015-05-06T15:04:57.000000'),
('Edited', 'Heslo', '-', '2015-05-06T15:04:58.000000'),
('Edited', 'Heslo', '-', '2015-05-06T15:04:58.000000'),
('Added', 'Klíčové slovo', '214', '2015-05-06T15:05:28.000000'),
('Edited', 'Klíčové slovo', '214', '2015-05-06T15:05:29.000000'),
('Deleted', 'Klíčové slovo', '214', '2015-05-06T15:05:30.000000'),
('Added', 'Oblast studia', '35', '2015-05-06T15:05:31.000000'),
('Edited', 'Oblast studia', '35', '2015-05-06T15:05:32.000000'),
('Deleted', 'Oblast studia', '35', '2015-05-06T15:05:32.000000'),
('Added', 'Studijní obor', '69', '2015-05-06T15:05:34.000000'),
('Edited', 'Studijní obor', '69', '2015-05-06T15:05:35.000000'),
('Deleted', 'Studijní obor', '69', '2015-05-06T15:05:37.000000'),
('Edited', 'Heslo', '-', '2015-05-06T15:05:42.000000'),
('Edited', 'Heslo', '-', '2015-05-06T15:05:43.000000'),
('Added', 'Klíčové slovo', '215', '2015-05-06T15:08:10.000000'),
('Added', 'Klíčové slovo', '216', '2015-05-06T15:08:32.000000'),
('Deleted', 'Klíčové slovo', '216', '2015-05-06T15:08:58.000000'),
('Deleted', 'Klíčové slovo', '215', '2015-05-06T15:08:58.000000'),
('Added', 'Klíčové slovo', '217', '2015-05-06T15:18:28.000000'),
('Edited', 'Klíčové slovo', '217', '2015-05-06T15:18:29.000000'),
('Deleted', 'Klíčové slovo', '217', '2015-05-06T15:18:30.000000'),
('Added', 'Oblast studia', '36', '2015-05-06T15:18:46.000000'),
('Edited', 'Oblast studia', '36', '2015-05-06T15:18:47.000000'),
('Deleted', 'Oblast studia', '36', '2015-05-06T15:18:47.000000'),
('Added', 'Studijní obor', '70', '2015-05-06T15:19:00.000000'),
('Edited', 'Studijní obor', '70', '2015-05-06T15:19:01.000000'),
('Deleted', 'Studijní obor', '70', '2015-05-06T15:19:02.000000'),
('Edited', 'Heslo', '-', '2015-05-06T15:19:20.000000'),
('Edited', 'Heslo', '-', '2015-05-06T15:19:20.000000');
INSERT INTO `uzivatele` (`id`, `prezdivka`, `heslo`) VALUES
(1, 'admin', '$1$N9RE4wYb$F4RsF30h4HIZ4x2GLZxmc0');
INSERT INTO `typ_studia` (`ID_typ`, `Typ_nazev`) VALUES
(1, 'Bakalářský'),
(3, 'Doktorský'),
(2, 'Navazující');
INSERT INTO `obor_slovo` (`ID_obor`, `ID_klicove_slovo`, `ID_priorita`) VALUES
(9, 19, 1),
(9, 36, 1),
(9, 41, 1),
(12, 19, 1),
(12, 22, 1),
(12, 23, 1),
(12, 27, 1),
(12, 75, 1),
(12, 93, 1),
(12, 160, 1),
(13, 27, 1),
(13, 41, 1),
(16, 20, 1),
(16, 22, 1),
(16, 24, 1),
(16, 25, 1),
(16, 27, 1),
(16, 28, 1),
(16, 29, 1),
(16, 36, 1),
(16, 53, 1),
(16, 105, 1),
(16, 110, 1),
(16, 113, 1),
(17, 20, 1),
(17, 22, 1),
(17, 23, 1),
(17, 24, 1),
(17, 36, 1),
(17, 165, 1),
(18, 148, 1),
(18, 149, 1),
(18, 150, 1),
(18, 151, 1),
(18, 152, 1),
(18, 157, 1),
(18, 160, 1),
(18, 161, 1),
(20, 75, 1),
(20, 147, 1),
(20, 153, 1),
(20, 160, 1),
(20, 164, 1),
(20, 167, 1),
(20, 168, 1),
(20, 169, 1),
(20, 170, 1),
(20, 171, 1),
(20, 173, 1),
(20, 174, 1),
(20, 175, 1),
(20, 176, 1),
(20, 177, 1),
(20, 178, 1),
(20, 181, 1),
(22, 19, 1),
(22, 34, 1),
(22, 114, 1),
(22, 115, 1),
(22, 116, 1),
(22, 117, 1),
(22, 122, 1),
(22, 125, 1),
(22, 130, 1);
INSERT INTO `obor_slovo` (`ID_obor`, `ID_klicove_slovo`, `ID_priorita`) VALUES
(22, 131, 1),
(22, 132, 1),
(22, 133, 1),
(22, 165, 1),
(22, 166, 1),
(23, 19, 1),
(23, 36, 1),
(23, 41, 1),
(23, 42, 1),
(23, 48, 1),
(23, 75, 1),
(23, 88, 1),
(23, 89, 1),
(23, 90, 1),
(23, 91, 1),
(23, 92, 1),
(23, 93, 1),
(23, 95, 1),
(23, 96, 1),
(23, 97, 1),
(23, 98, 1),
(24, 147, 1),
(24, 150, 1),
(24, 151, 1),
(24, 154, 1),
(24, 155, 1),
(24, 179, 1),
(24, 180, 1),
(25, 20, 1),
(25, 21, 1),
(25, 22, 1),
(25, 23, 1),
(25, 24, 1),
(25, 25, 1),
(25, 26, 1),
(25, 27, 1),
(25, 28, 1),
(25, 36, 1),
(25, 37, 1),
(25, 46, 1),
(25, 53, 1),
(25, 99, 1),
(25, 101, 1),
(25, 105, 1),
(25, 110, 1),
(26, 57, 1),
(26, 114, 1),
(26, 115, 1),
(26, 116, 1),
(26, 117, 1),
(26, 118, 1),
(26, 120, 1),
(26, 122, 1),
(26, 123, 1),
(26, 124, 1),
(26, 125, 1),
(26, 127, 1),
(26, 128, 1),
(26, 129, 1),
(27, 19, 1),
(27, 20, 1),
(27, 22, 1),
(27, 23, 1),
(27, 27, 1);
INSERT INTO `obor_slovo` (`ID_obor`, `ID_klicove_slovo`, `ID_priorita`) VALUES
(27, 75, 1),
(29, 20, 1),
(29, 22, 1),
(29, 24, 1),
(29, 25, 1),
(29, 27, 1),
(29, 28, 1),
(29, 29, 1),
(29, 36, 1),
(29, 53, 1),
(29, 105, 1),
(29, 110, 1),
(29, 113, 1),
(30, 20, 1),
(30, 22, 1),
(30, 23, 1),
(30, 24, 1),
(30, 36, 1),
(31, 36, 1),
(31, 41, 1),
(31, 42, 1),
(31, 48, 1),
(31, 88, 1),
(31, 89, 1),
(31, 90, 1),
(31, 91, 1),
(31, 92, 1),
(31, 93, 1),
(31, 95, 1),
(31, 96, 1),
(31, 97, 1),
(31, 98, 1),
(11, 19, 2),
(12, 20, 2),
(12, 88, 2),
(12, 90, 2),
(13, 19, 2),
(27, 88, 2),
(9, 58, 3),
(9, 59, 3),
(9, 60, 3),
(9, 61, 3),
(9, 62, 3),
(9, 63, 3),
(9, 64, 3),
(9, 65, 3),
(9, 66, 3),
(9, 67, 3),
(9, 68, 3),
(9, 69, 3),
(9, 70, 3),
(9, 71, 3),
(9, 72, 3),
(9, 73, 3),
(9, 74, 3),
(9, 75, 3),
(9, 160, 3),
(10, 19, 3),
(10, 20, 3),
(10, 21, 3),
(10, 22, 3),
(10, 23, 3),
(10, 24, 3),
(10, 25, 3);
INSERT INTO `obor_slovo` (`ID_obor`, `ID_klicove_slovo`, `ID_priorita`) VALUES
(10, 26, 3),
(10, 27, 3),
(10, 28, 3),
(10, 36, 3),
(10, 37, 3),
(10, 46, 3),
(10, 53, 3),
(10, 99, 3),
(10, 100, 3),
(10, 101, 3),
(10, 102, 3),
(10, 105, 3),
(10, 107, 3),
(10, 110, 3),
(11, 57, 3),
(11, 114, 3),
(11, 115, 3),
(11, 116, 3),
(11, 117, 3),
(11, 118, 3),
(11, 120, 3),
(11, 122, 3),
(11, 123, 3),
(11, 124, 3),
(11, 125, 3),
(11, 127, 3),
(11, 128, 3),
(11, 129, 3),
(11, 164, 3),
(11, 165, 3),
(12, 36, 3),
(12, 37, 3),
(12, 39, 3),
(12, 40, 3),
(12, 41, 3),
(12, 42, 3),
(12, 45, 3),
(12, 46, 3),
(12, 47, 3),
(12, 48, 3),
(12, 49, 3),
(12, 50, 3),
(12, 51, 3),
(13, 29, 3),
(13, 34, 3),
(13, 36, 3),
(13, 37, 3),
(13, 51, 3),
(13, 52, 3),
(13, 99, 3),
(13, 100, 3),
(13, 102, 3),
(13, 104, 3),
(13, 105, 3),
(13, 107, 3),
(13, 109, 3),
(13, 110, 3),
(17, 19, 3),
(25, 19, 3),
(26, 19, 3),
(27, 36, 3),
(27, 37, 3),
(27, 39, 3),
(27, 40, 3);
INSERT INTO `obor_slovo` (`ID_obor`, `ID_klicove_slovo`, `ID_priorita`) VALUES
(27, 41, 3),
(27, 42, 3),
(27, 45, 3),
(27, 46, 3),
(27, 47, 3),
(27, 48, 3),
(27, 49, 3),
(27, 50, 3),
(27, 51, 3),
(29, 19, 3),
(30, 19, 3);
INSERT INTO `klicove_slovo` (`ID_klicove_slovo`, `Slovo`, `ID_oblast`, `Vyznam`) VALUES
(19, 'matematika', 7, 'popis'),
(20, 'diskrétní matematika', 7, 'popis'),
(21, 'statistická analýza', 7, 'popis'),
(22, 'statistika a pravděpodobnost', 7, 'popis'),
(23, 'numerické metody', 7, 'popis'),
(24, 'matematická analýza', 7, 'popis'),
(25, 'finanční matematika', 7, 'popis'),
(26, 'finanční teorie', 7, 'popis'),
(27, 'lineární algebra', 7, 'popis'),
(28, 'pojistná matematika', 7, 'popis'),
(29, 'finance', 7, 'popis'),
(30, 'Matematika a její aplikace', 7, 'popis'),
(31, 'učitelství matematiky', 7, 'popis'),
(32, 'symbolicko-numerické výpočty', 7, 'popis'),
(33, 'Jazyk a metody matematiky', 7, 'popis'),
(34, 'Numerické modelování', 7, 'popis'),
(35, 'analýza dat', 7, 'popis'),
(36, 'informatika', 9, 'popis'),
(37, 'databázové systémy', 9, 'popis'),
(38, 'multimédia', 9, 'popis'),
(39, 'programování v C', 9, 'popis'),
(40, 'teoretická informatika', 9, 'popis'),
(41, 'programování', 9, 'popis'),
(42, 'softwarové inženýrství', 9, 'popis'),
(44, 'návrh a vývoj programových systémů', 9, 'popis'),
(45, 'objektové programování', 9, 'popis'),
(46, 'algoritmizace', 9, 'popis'),
(47, 'software', 9, 'popis'),
(48, 'programovací techniky', 9, 'popis'),
(49, 'programování v Javě', 9, 'popis'),
(50, 'webové aplikace', 9, 'popis'),
(51, 'Informační systémy', 9, 'popis'),
(52, 'informační technologie', 9, 'popis'),
(53, 'finanční informatika', 9, 'popis'),
(54, 'objektově orientované programování', 9, 'popis'),
(55, 'Finanční informatika a analýza', 9, 'popis'),
(56, 'teorie informace', 9, 'popis'),
(57, 'geoinformatika', 9, 'popis'),
(58, 'technika vakua', 8, 'popis'),
(59, 'fyzika pevných látek', 8, 'popis'),
(60, 'fyzikálně-matematické modelování', 8, 'popis'),
(61, 'fyzikálně-chemické modelování', 8, 'popis'),
(62, 'fyzika technologických procesů', 8, 'popis'),
(63, 'tenké vrstvy', 8, 'popis'),
(64, 'fyzikální inženýrství', 8, 'popis'),
(65, 'elektronické systémy', 8, 'popis'),
(66, 'termodynamika', 8, 'popis'),
(67, 'fyzikální měření', 8, 'popis'),
(68, 'analyzační metody', 8, 'popis'),
(69, 'modifikace povrchu', 8, 'popis'),
(70, 'diagnostika plazmatu', 8, 'popis'),
(71, 'plazma materiály', 8, 'popis'),
(72, 'inženýrská fyzika', 8, 'popis'),
(73, 'aplikovaná fyzika', 8, 'popis'),
(74, 'experimentální fyzika', 8, 'popis'),
(75, 'fyzika', 8, 'popis'),
(88, 'počítačové sítě', 15, 'popis'),
(89, 'výpočetní systémy', 15, 'popis'),
(90, 'operační systémy', 15, 'popis'),
(91, 'technika', 15, 'popis'),
(92, 'hardware', 15, 'popis'),
(93, 'Počítačová technika', 15, 'popis'),
(95, 'číslicové systémy', 20, 'popis'),
(96, 'elektrotechnika', 20, 'popis');
INSERT INTO `klicove_slovo` (`ID_klicove_slovo`, `Slovo`, `ID_oblast`, `Vyznam`) VALUES
(97, 'číslicové elektronické systémy', 20, 'popis'),
(98, 'Logické systémy', 20, 'popis'),
(99, 'ekonomika', 13, 'popis'),
(100, 'marketing', 13, 'popis'),
(101, 'ekonomie', 13, 'popis'),
(102, 'management', 13, 'popis'),
(103, 'obchod', 13, 'popis'),
(104, 'podniková ekonomika', 13, 'popis'),
(105, 'makroekonomie', 13, 'popis'),
(106, 'podnikové procesy', 13, 'popis'),
(107, 'účetnictví', 13, 'popis'),
(108, 'národní hospodářství', 13, 'popis'),
(109, 'finance a daňový systém', 13, 'popis'),
(110, 'mikroekonomie', 13, 'popis'),
(111, 'podnikatelské projekty', 13, 'popis'),
(112, 'řízení investic', 13, 'popis'),
(113, 'matematická ekonomie', 13, 'popis'),
(114, 'geomatika', 19, 'popis'),
(115, 'geografické informační systémy', 19, 'popis'),
(116, 'kosmická geodézie', 19, 'popis'),
(117, 'analýza geodat', 19, 'popis'),
(118, 'zeměměřictví', 19, 'popis'),
(119, 'GIS', 19, 'popis'),
(120, 'mapování', 19, 'popis'),
(121, 'tvorba geografických informačních systémů', 19, 'popis'),
(122, 'geodézie', 19, 'popis'),
(123, 'sběr geodat', 19, 'popis'),
(124, 'dálkový průzkum Země', 19, 'popis'),
(125, 'kartografie', 19, 'popis'),
(126, 'zpracování geodat', 19, 'popis'),
(127, 'fotogrammetrie', 19, 'popis'),
(128, 'geoprostorová data', 19, 'popis'),
(129, 'zeměpis', 19, 'popis'),
(130, 'územní plánování', 19, 'popis'),
(131, 'urbanismus', 19, 'popis'),
(132, 'plánování staveb', 19, 'popis'),
(133, 'geografie', 19, 'popis'),
(147, 'optimalizace', 14, ''),
(148, 'biomechanika', 14, ''),
(149, 'mechanika tekutin', 14, ''),
(150, 'dynamika', 14, ''),
(151, 'mechatronika', 14, ''),
(152, 'vibrace a hluk', 14, ''),
(153, 'statika', 14, ''),
(154, 'experimentální mechanika', 14, ''),
(155, 'kompozitní materiály', 14, ''),
(157, 'proudění a interakce', 14, ''),
(160, 'mechanika', 14, ' '),
(161, 'aerodynamika', 14, ''),
(164, 'deskriptivní geometrie', 21, 'popis'),
(165, 'geometrie', 21, 'popis'),
(166, 'geometrické modelování', 21, 'popis'),
(167, 'stavební technologie', 16, 'popis'),
(168, 'stavební materiály', 16, 'popis'),
(169, 'stavební konstrukce', 16, 'popis'),
(170, 'technické zařízení budov', 16, 'popis'),
(171, 'projektová dokumentace', 16, 'popis'),
(172, 'ekonomika staveb', 16, 'popis'),
(173, 'dějiny stavitelství', 16, 'popis'),
(174, 'architektura', 16, 'popis'),
(175, 'bezpečnost a spolehlivost staveb', 16, 'popis'),
(176, 'dřevostavby', 16, 'popis'),
(177, 'rekonstrukce a sanace staveb', 16, 'popis'),
(178, 'management staveb a stavebních provozů', 16, 'popis');
INSERT INTO `klicove_slovo` (`ID_klicove_slovo`, `Slovo`, `ID_oblast`, `Vyznam`) VALUES
(179, 'inteligentní konstrukce', 16, 'popis'),
(180, 'CAD', 16, 'popis'),
(181, 'stavitelství', 16, 'popis');
INSERT INTO `forma_studia` (`ID_forma`, `Forma_nazev`) VALUES
(2, 'Kombinované'),
(1, 'Prezenční');
INSERT INTO `obor` (`ID_obor`, `Obor_nazev`, `Url`, `Popis`, `ID_typ`, `ID_forma`) VALUES
(9, 'Aplikovaná a inženýrská fyzika', 'http://fav.zcu.cz/pro-uchazece/bakalarske-studium/aplikovana-a-inzenyrska-fyzika/', 'Základem tohoto interdisciplinárního oboru je příprava pro studium v navazujících magisterských studijních programech', 1, 1),
(10, 'Finanční informatika a statistika', 'http://fav.zcu.cz/pro-uchazece/bakalarske-studium/financni-informatika-a-statistika/', 'Cílem oboru je připravit odborníky se vzděláním na pomezí informatiky a moderních ekonomických metod. ', 1, 1),
(11, 'Geomatika', 'http://fav.zcu.cz/pro-uchazece/bakalarske-studium/geomatika/', 'Geomatika je interdisciplinární obor zabývající se sběrem, distribucí, ukládáním, analýzou, zpracováním a prezentací geoprostorových dat nebo geoprostorových informací. ', 1, 1),
(12, 'Informatika', 'http://fav.zcu.cz/pro-uchazece/bakalarske-studium/informatika/', 'Obor je určen pro studenty, kteří chtějí získat teoretický základ i praktické znalosti v informatice. ', 1, 1),
(13, 'Informační systémy', 'http://fav.zcu.cz/pro-uchazece/bakalarske-studium/informacni-systemy/', 'Studium tohoto oboru je velkou příležitostí pro studenty se zájmem o práci na rozhraní informatiky a ekonomie. ', 1, 1),
(14, 'Inteligentní komunikace člověk-stroj', 'http://fav.zcu.cz/pro-uchazece/bakalarske-studium/inteligentni-komunikace-clove-stroj/', 'Studijní obor „Inteligentní komunikace člověk-stroj“ poskytne studentům vedle studia předmětů teoretického základu i zevrubnou průpravu v oborových předmětech z oblasti umělé inteligence, automatizace řídicích a rozhodovacích procesů a počítačových předmětů. ', 1, 1),
(15, 'Kybernetika a řídicí technika', 'http://fav.zcu.cz/pro-uchazece/bakalarske-studium/kybernetika-a-ridici-technika/', 'Obsahem studia je řízení procesů technického i netechnického charakteru, dále návrhy řídicích systémů a v aplikace umělé inteligence. ', 1, 1),
(16, 'Matematika a finanční studia', 'http://fav.zcu.cz/pro-uchazece/bakalarske-studium/matematika-financni-studia/', 'Příznakem současné doby je využívání informací, matematických, statistických a jiných metod ve firemní praxi. ', 1, 1),
(17, 'Matematika a její aplikace', 'http://fav.zcu.cz/pro-uchazece/bakalarske-studium/matematika-a-jeji-aplikace/', 'Cílem studia tohoto oboru je vybavit studenty dostatečně všestrannými matematickými kompetencemi a umožnit jim orientovat se v základních matematických disciplínách a metodách moderní matematiky. ', 1, 1),
(18, 'Počítačové modelování', 'http://fav.zcu.cz/pro-uchazece/bakalarske-studium/pocitacove-modelovani/', 'Cílem oboru je poskytnout základní znalosti v oblasti počítačového modelování úloh aplikované mechaniky, biomechaniky a mechatroniky. ', 1, 1),
(19, 'Počítačové řízení strojů a procesů', 'http://fav.zcu.cz/pro-uchazece/bakalarske-studium/pocitacove-rizeni-stroju-a-procesu/', 'Studijní obor „Počítačové řízení strojů a procesů“ poskytne studentům vedle studia předmětů teoretického základu i zevrubnou průpravu v oborových předmětech z oblasti automatického řízení a automatizace řídicích a rozhodovacích procesů. ', 1, 1),
(20, 'Stavitelství', 'http://fav.zcu.cz/pro-uchazece/bakalarske-studium/stavitelstvi/', 'Čtyřleté bakalářské studium má za cíl připravit studenty pro práci na návrhu, přípravě a realizaci staveb a vychovat samostatné vysokoškolsky vzdělané odborníky zejména pro projektování staveb, výrobu stavebních hmot, přípravu a řízení staveb a práci na stavebních úřadech a správních orgánech města Plzně a ostatních měst a obcí. ', 1, 1),
(21, 'Systémy pro identifikaci, bezpečnost a komunikaci', 'http://fav.zcu.cz/pro-uchazece/bakalarske-studium/systemy-identifikace-bezpecnost-komunikace/', 'Bakalářský studijní obor „Systémy pro identifikaci, bezpečnost a komunikaci“ je charakterizován využíváním informace pro počítačem realizované rozhodování, řízení, monitorování, identifikaci a diagnostiku. ', 1, 1),
(22, 'Územní plánování', 'http://fav.zcu.cz/pro-uchazece/bakalarske-studium/uzemni-planovani/', 'Cílem studia je získání vzdělání pro navrhování v urbanismu a územním plánování a v souvisejících manažerských činnostech územního plánování, re-spektive investiční výstavbě. ', 1, 1),
(23, 'Výpočetní technika', 'http://fav.zcu.cz/pro-uchazece/bakalarske-studium/vypocetni-technika/', 'Obor je určen pro studenty, kteří chtějí získat teoretický základ i praktické znalosti v výpočetní technice. ', 1, 1),
(24, 'Výpočty a design', 'http://fav.zcu.cz/pro-uchazece/bakalarske-studium/vypocty-a-design/', 'Základním cílem tohoto oboru je poskytnout studentům ucelené bakalářské vzdělání v oblasti aplikované mechaniky, konstrukce a designu. ', 1, 1),
(25, 'Finanční informatika a statistika', 'http://fav.zcu.cz/pro-uchazece/bakalarske-studium/financni-informatika-a-statistika/', 'Cílem oboru je připravit odborníky se vzděláním na pomezí informatiky a moderních ekonomických metod. ', 1, 2),
(26, 'Geomatika', 'http://fav.zcu.cz/pro-uchazece/bakalarske-studium/geomatika/', 'Geomatika je interdisciplinární obor zabývající se sběrem, distribucí, ukládáním, analýzou, zpracováním a prezentací geoprostorových dat nebo geoprostorových informací. ', 1, 2),
(27, 'Informatika', 'http://fav.zcu.cz/pro-uchazece/bakalarske-studium/informatika/', 'Obor je určen pro studenty, kteří chtějí získat teoretický základ i praktické znalosti v informatice. ', 1, 2),
(28, 'Kybernetika a řídicí technika', 'http://fav.zcu.cz/pro-uchazece/bakalarske-studium/kybernetika-a-ridici-technika/', 'Obsahem studia je řízení procesů technického i netechnického charakteru, dále návrhy řídicích systémů a v aplikace umělé inteligence. ', 1, 2),
(29, 'Matematika a finanční studia', 'http://fav.zcu.cz/pro-uchazece/bakalarske-studium/matematika-financni-studia/', 'Příznakem současné doby je využívání informací, matematických, statistických a jiných metod ve firemní praxi. ', 1, 2),
(30, 'Matematika a její aplikace', 'http://fav.zcu.cz/pro-uchazece/bakalarske-studium/matematika-a-jeji-aplikace/', 'Cílem studia tohoto oboru je vybavit studenty dostatečně všestrannými matematickými kompetencemi a umožnit jim orientovat se v základních matematických disciplínách a metodách moderní matematiky. ', 1, 2),
(31, 'Výpočetní technika', 'http://fav.zcu.cz/pro-uchazece/bakalarske-studium/vypocetni-technika/', 'Obor je určen pro studenty, kteří chtějí získat teoretický základ i praktické znalosti v výpočetní technice. ', 1, 2);
INSERT INTO `oblast` (`ID_oblast`, `Oblast_nazev`) VALUES
(11, 'Biologie'),
(12, 'Chemie'),
(13, 'Ekonomika'),
(20, 'Elektrotechnika'),
(8, 'Fyzika'),
(21, 'Geometrie'),
(9, 'Informatika'),
(17, 'Jazyky'),
(18, 'Kybernetika'),
(7, 'Matematika'),
(14, 'Mechanika'),
(1, 'NEZAŘAZENO'),
(10, 'Počítačová grafika'),
(16, 'Stavitelství'),
(15, 'Výpočetní technika'),
(19, 'Zeměpis');
ALTER TABLE `klicove_slovo` ADD CONSTRAINT `FK_Klicove_slovo_Oblast` FOREIGN KEY (`ID_oblast`) REFERENCES `oblast`(`ID_oblast`) ON DELETE CASCADE;
ALTER TABLE `obor` ADD CONSTRAINT `FK_Obor_Forma_studia` FOREIGN KEY (`ID_forma`) REFERENCES `forma_studia`(`ID_forma`) ON DELETE CASCADE ON UPDATE CASCADE;
ALTER TABLE `obor` ADD CONSTRAINT `FK_Obor_Typ_studia` FOREIGN KEY (`ID_typ`) REFERENCES `typ_studia`(`ID_typ`) ON DELETE CASCADE ON UPDATE CASCADE;
ALTER TABLE `obor_slovo` ADD CONSTRAINT `FK_OborSlovo_Klicove_slovo` FOREIGN KEY (`ID_klicove_slovo`) REFERENCES `klicove_slovo`(`ID_klicove_slovo`) ON DELETE CASCADE ON UPDATE CASCADE;
ALTER TABLE `obor_slovo` ADD CONSTRAINT `FK_OborSlovo_Obor` FOREIGN KEY (`ID_obor`) REFERENCES `obor`(`ID_obor`) ON DELETE CASCADE ON UPDATE CASCADE;
ALTER TABLE `obor_slovo` ADD CONSTRAINT `FK_OborSlovo_Priorita` FOREIGN KEY (`ID_priorita`) REFERENCES `priorita`(`ID_priorita`) ON DELETE CASCADE ON UPDATE CASCADE

;/*!40101 SET SQL_MODE=@OLD_SQL_MODE */;
